X,Y
0,-919.09
3,-919.07
6,-919.02
9,-919.01
12,-918.93
15,-918.97
18,-918.93
21,-918.85
24,-918.85
27,-918.8
30,-918.73
33,-918.7
36,-918.7
39,-918.66
42,-918.64
45,-918.61
48,-918.6
51,-918.61
54,-918.52
57,-918.47
60,-918.46
63,-918.48
66,-918.44
69,-918.39
72,-918.34
75,-918.33
78,-918.32
81,-918.28
84,-918.26
87,-918.26
90,-918.23
93,-918.2
96,-918.2
99,-918.14
102,-918.15
105,-918.13
108,-918.11
111,-918.08
114,-918.06
117,-918.05
120,-918.04
123,-918.07
126,-918.05
129,-918.02
132,-918.02
135,-917.97
138,-917.99
141,-918.02
144,-917.99
147,-917.98
150,-917.97
153,-917.95
156,-917.91
159,-917.92
162,-917.89
165,-917.89
168,-917.9
171,-917.91
174,-917.91
177,-917.93
180,-917.9
183,-917.94
186,-917.99
189,-917.96
192,-917.93
195,-917.91
198,-917.97
201,-917.94
204,-917.98
207,-917.95
210,-917.97
213,-917.95
216,-917.95
219,-917.96
222,-917.97
225,-918
228,-918.01
231,-917.98
234,-917.95
237,-918.02
240,-918.08
243,-918.02
246,-918.05
249,-918.02
252,-918.08
255,-918.09
258,-918.06
261,-918.06
264,-918.09
267,-918.12
270,-918.11
273,-918.08
276,-918.12
279,-918.16
282,-918.16
285,-918.2
288,-918.19
291,-918.2
294,-918.19
297,-918.19
300,-918.22
303,-918.22
306,-918.23
309,-918.21
312,-918.23
315,-918.21
318,-918.26
321,-918.25
324,-918.25
327,-918.26
330,-918.24
333,-918.24
336,-918.24
339,-918.24
342,-918.26
345,-918.25
348,-918.26
351,-918.28
354,-918.23
357,-918.25
360,-918.25
363,-918.26
366,-918.25
369,-918.26
372,-918.26
375,-918.25
378,-918.22
381,-918.24
384,-918.21
387,-918.19
390,-918.18
393,-918.14
396,-918.14
399,-918.15
402,-918.15
405,-918.15
408,-918.14
411,-918.11
414,-918.07
417,-918.07
420,-918.04
423,-917.98
426,-918.01
429,-918.01
432,-917.99
435,-917.99
438,-917.98
441,-917.95
444,-917.95
447,-917.91
450,-917.91
453,-917.87
456,-917.88
459,-917.91
462,-917.87
465,-917.86
468,-917.91
471,-917.88
474,-917.88
477,-917.86
480,-917.86
483,-917.85
486,-917.87
489,-917.87
492,-917.81
495,-917.88
498,-917.84
501,-917.87
504,-917.88
507,-917.87
510,-917.88
513,-917.83
516,-917.84
519,-917.84
522,-917.86
525,-917.84
528,-917.85
531,-917.84
534,-917.84
537,-917.83
540,-917.83
543,-917.87
546,-917.87
549,-917.88
552,-917.84
555,-917.84
558,-917.82
561,-917.83
564,-917.85
567,-917.87
570,-917.83
573,-917.82
576,-917.82
579,-917.8
582,-917.8
585,-917.78
588,-917.77
591,-917.79
594,-917.76
597,-917.74
600,-917.76
603,-917.74
606,-917.74
609,-917.71
612,-917.76
615,-917.75
618,-917.71
621,-917.68
624,-917.68
627,-917.69
630,-917.69
633,-917.65
636,-917.61
639,-917.67
642,-917.66
645,-917.65
648,-917.62
651,-917.67
654,-917.6
657,-917.61
660,-917.62
663,-917.65
666,-917.65
669,-917.59
672,-917.58
675,-917.59
678,-917.59
681,-917.55
684,-917.53
687,-917.59
690,-917.55
693,-917.56
696,-917.52
699,-917.51
702,-917.48
705,-917.47
708,-917.49
711,-917.49
714,-917.42
717,-917.42
720,-917.47
723,-917.41
726,-917.41
729,-917.43
732,-917.45
735,-917.43
738,-917.4
741,-917.38
744,-917.4
747,-917.43
750,-917.39
753,-917.37
756,-917.34
759,-917.39
762,-917.39
765,-917.35
768,-917.3
771,-917.26
774,-917.28
777,-917.34
780,-917.34
783,-917.29
786,-917.29
789,-917.27
792,-917.27
795,-917.25
798,-917.24
801,-917.23
804,-917.2
807,-917.23
810,-917.22
813,-917.2
816,-917.2
819,-917.14
822,-917.1
825,-917.06
828,-917.1
831,-917.09
834,-917.11
837,-917.1
840,-917.04
843,-917.02
846,-917
849,-916.99
852,-916.97
855,-916.97
858,-916.99
861,-916.9
864,-916.91
867,-916.9
870,-916.85
873,-916.84
876,-916.86
879,-916.82
882,-916.78
885,-916.83
888,-916.82
891,-916.79
894,-916.73
897,-916.72
900,-916.7
903,-916.67
906,-916.67
909,-916.63
912,-916.61
915,-916.59
918,-916.58
921,-916.57
924,-916.55
927,-916.55
930,-916.48
933,-916.49
936,-916.47
939,-916.5
942,-916.45
945,-916.48
948,-916.41
951,-916.42
954,-916.39
957,-916.36
960,-916.35
963,-916.35
966,-916.34
969,-916.28
972,-916.26
975,-916.26
978,-916.17
981,-916.23
984,-916.19
987,-916.19
990,-916.21
993,-916.15
996,-916.12
999,-916.14
1002,-916.13
1005,-916.09
1008,-916.06
1011,-916.07
1014,-916.05
1017,-916.04
1020,-916.02
1023,-916.01
1026,-915.98
1029,-915.98
1032,-915.99
1035,-915.95
1038,-915.92
1041,-915.89
1044,-915.89
1047,-915.91
1050,-915.93
1053,-915.9
1056,-915.85
1059,-915.85
1062,-915.88
1065,-915.88
1068,-915.84
1071,-915.81
1074,-915.82
1077,-915.84
1080,-915.79
1083,-915.76
1086,-915.79
1089,-915.8
1092,-915.78
1095,-915.78
1098,-915.79
1101,-915.73
1104,-915.73
1107,-915.73
1110,-915.72
1113,-915.72
1116,-915.7
1119,-915.66
1122,-915.68
1125,-915.68
1128,-915.71
1131,-915.67
1134,-915.67
1137,-915.66
1140,-915.68
1143,-915.64
1146,-915.63
1149,-915.62
1152,-915.6
1155,-915.66
1158,-915.66
1161,-915.63
1164,-915.64
1167,-915.64
1170,-915.63
1173,-915.64
1176,-915.6
1179,-915.58
1182,-915.56
1185,-915.62
1188,-915.62
1191,-915.59
1194,-915.6
1197,-915.57
1200,-915.61
1203,-915.57
1206,-915.57
1209,-915.57
1212,-915.6
1215,-915.6
1218,-915.59
1221,-915.55
1224,-915.58
1227,-915.6
1230,-915.56
1233,-915.58
1236,-915.62
1239,-915.55
1242,-915.54
1245,-915.55
1248,-915.55
1251,-915.54
1254,-915.54
1257,-915.56
1260,-915.56
1263,-915.56
1266,-915.57
1269,-915.57
1272,-915.56
1275,-915.57
1278,-915.59
1281,-915.58
1284,-915.56
1287,-915.58
1290,-915.59
1293,-915.58
1296,-915.56
1299,-915.55
1302,-915.52
1305,-915.58
1308,-915.59
1311,-915.61
1314,-915.58
1317,-915.59
1320,-915.6
1323,-915.59
1326,-915.58
1329,-915.62
1332,-915.65
1335,-915.63
1338,-915.62
1341,-915.67
1344,-915.69
1347,-915.66
1350,-915.64
1353,-915.69
1356,-915.66
1359,-915.69
1362,-915.73
1365,-915.75
1368,-915.78
1371,-915.8
1374,-915.79
1377,-915.79
1380,-915.85
1383,-915.86
1386,-915.88
1389,-915.9
1392,-915.91
1395,-915.92
1398,-915.93
1401,-915.94
1404,-915.96
1407,-915.98
1410,-915.97
1413,-915.97
1416,-916.04
1419,-916.05
1422,-916.12
1425,-916.1
1428,-916.15
1431,-916.14
1434,-916.15
1437,-916.16
1440,-916.2
1443,-916.24
1446,-916.24
1449,-916.26
1452,-916.29
1455,-916.31
1458,-916.35
1461,-916.33
1464,-916.34
1467,-916.42
1470,-916.46
1473,-916.48
1476,-916.48
1479,-916.49
1482,-916.54
1485,-916.58
1488,-916.63
1491,-916.64
1494,-916.67
1497,-916.69
1500,-916.72
1503,-916.73
1506,-916.78
1509,-916.84
1512,-916.86
1515,-916.88
1518,-916.88
1521,-916.88
1524,-916.9
1527,-916.96
1530,-916.97
1533,-917.03
1536,-917.06
1539,-917.14
1542,-917.13
1545,-917.11
1548,-917.14
1551,-917.2
1554,-917.22
1557,-917.22
1560,-917.24
1563,-917.23
1566,-917.27
1569,-917.36
1572,-917.36
1575,-917.38
1578,-917.38
1581,-917.41
1584,-917.47
1587,-917.47
1590,-917.48
1593,-917.51
1596,-917.53
1599,-917.59
1602,-917.62
1605,-917.61
1608,-917.6
1611,-917.61
1614,-917.68
1617,-917.7
1620,-917.7
1623,-917.73
1626,-917.77
1629,-917.8
1632,-917.79
1635,-917.79
1638,-917.83
1641,-917.86
1644,-917.87
1647,-917.94
1650,-917.93
1653,-917.92
1656,-917.93
1659,-917.98
1662,-917.95
1665,-918.04
1668,-918.05
1671,-918.06
1674,-918.04
1677,-918.06
1680,-918.08
1683,-918.1
1686,-918.13
1689,-918.13
1692,-918.13
1695,-918.14
1698,-918.17
1701,-918.2
1704,-918.23
1707,-918.23
1710,-918.21
1713,-918.25
1716,-918.27
1719,-918.26
1722,-918.29
1725,-918.3
1728,-918.3
1731,-918.33
1734,-918.35
1737,-918.32
1740,-918.27
1743,-918.29
1746,-918.28
1749,-918.23
1752,-918.26
1755,-918.28
1758,-918.28
1761,-918.32
1764,-918.34
1767,-918.31
1770,-918.29
1773,-918.29
1776,-918.28
1779,-918.25
1782,-918.26
1785,-918.28
1788,-918.26
1791,-918.24
1794,-918.25
1797,-918.2
1800,-918.18
1803,-918.16
1806,-918.18
1809,-918.16
1812,-918.1
1815,-918.08
1818,-918.06
1821,-918.02
1824,-917.98
1827,-917.96
1830,-917.94
1833,-917.88
1836,-917.87
1839,-917.85
1842,-917.81
1845,-917.76
1848,-917.73
1851,-917.7
1854,-917.71
1857,-917.6
1860,-917.53
1863,-917.49
1866,-917.53
1869,-917.48
1872,-917.46
1875,-917.41
1878,-917.4
1881,-917.32
1884,-917.29
1887,-917.26
1890,-917.28
1893,-917.22
1896,-917.19
1899,-917.12
1902,-917.07
1905,-917.06
1908,-916.98
1911,-916.9
1914,-916.85
1917,-916.83
1920,-916.81
1923,-916.76
1926,-916.71
1929,-916.72
1932,-916.6
1935,-916.56
1938,-916.51
1941,-916.5
1944,-916.46
1947,-916.38
1950,-916.34
1953,-916.33
1956,-916.29
1959,-916.27
1962,-916.17
1965,-916.11
1968,-916.08
1971,-916.01
1974,-915.94
1977,-915.94
1980,-915.95
1983,-915.95
1986,-915.85
1989,-915.78
1992,-915.73
1995,-915.67
1998,-915.65
2001,-915.61
2004,-915.56
2007,-915.53
2010,-915.47
2013,-915.4
2016,-915.4
2019,-915.33
2022,-915.27
2025,-915.21
2028,-915.21
2031,-915.17
2034,-915.1
2037,-915.08
2040,-915.06
2043,-915.03
2046,-914.97
2049,-914.9
2052,-914.87
2055,-914.86
2058,-914.84
2061,-914.78
2064,-914.75
2067,-914.7
2070,-914.65
2073,-914.59
2076,-914.57
2079,-914.52
2082,-914.52
2085,-914.48
2088,-914.46
2091,-914.4
2094,-914.37
2097,-914.34
2100,-914.32
2103,-914.24
2106,-914.26
2109,-914.19
2112,-914.15
2115,-914.16
2118,-914.1
2121,-914.07
2124,-914.07
2127,-914.06
2130,-913.99
2133,-913.96
2136,-913.89
2139,-913.88
2142,-913.83
2145,-913.85
2148,-913.8
2151,-913.75
2154,-913.69
2157,-913.67
2160,-913.65
2163,-913.64
2166,-913.59
2169,-913.58
2172,-913.54
2175,-913.52
2178,-913.47
2181,-913.49
2184,-913.45
2187,-913.37
2190,-913.39
2193,-913.33
2196,-913.26
2199,-913.26
2202,-913.27
2205,-913.26
2208,-913.22
2211,-913.16
2214,-913.14
2217,-913.13
2220,-913.11
2223,-913.11
2226,-913.09
2229,-913.04
2232,-913
2235,-912.98
2238,-912.94
2241,-912.91
2244,-912.93
2247,-912.89
2250,-912.87
2253,-912.84
2256,-912.82
2259,-912.8
2262,-912.77
2265,-912.74
2268,-912.71
2271,-912.68
2274,-912.67
2277,-912.68
2280,-912.64
2283,-912.62
2286,-912.59
2289,-912.58
2292,-912.57
2295,-912.53
2298,-912.49
2301,-912.46
2304,-912.46
2307,-912.47
2310,-912.44
2313,-912.42
2316,-912.4
2319,-912.38
2322,-912.35
2325,-912.32
2328,-912.33
2331,-912.31
2334,-912.25
2337,-912.23
2340,-912.23
2343,-912.22
2346,-912.21
2349,-912.18
2352,-912.15
2355,-912.15
2358,-912.15
2361,-912.08
2364,-912.07
2367,-912.11
2370,-912.08
2373,-912.03
2376,-912.02
2379,-912.02
2382,-912.01
2385,-912
2388,-912
2391,-911.96
2394,-911.93
2397,-911.94
2400,-911.94
2403,-911.89
2406,-911.86
2409,-911.85
2412,-911.83
2415,-911.82
2418,-911.84
2421,-911.82
2424,-911.79
2427,-911.8
2430,-911.81
2433,-911.77
2436,-911.76
2439,-911.75
2442,-911.74
2445,-911.73
2448,-911.73
2451,-911.71
2454,-911.68
2457,-911.68
2460,-911.68
2463,-911.62
2466,-911.63
2469,-911.6
2472,-911.59
2475,-911.59
2478,-911.62
2481,-911.57
2484,-911.54
2487,-911.55
2490,-911.56
2493,-911.53
2496,-911.51
2499,-911.5
2502,-911.47
2505,-911.47
2508,-911.47
2511,-911.48
2514,-911.48
2517,-911.46
2520,-911.49
2523,-911.46
2526,-911.44
2529,-911.42
2532,-911.43
2535,-911.44
2538,-911.44
2541,-911.44
2544,-911.38
2547,-911.39
2550,-911.41
2553,-911.4
2556,-911.4
2559,-911.42
2562,-911.39
2565,-911.4
2568,-911.36
2571,-911.37
2574,-911.34
2577,-911.36
2580,-911.33
2583,-911.37
2586,-911.34
2589,-911.32
2592,-911.32
2595,-911.32
2598,-911.31
2601,-911.33
2604,-911.34
2607,-911.32
2610,-911.3
2613,-911.22
2616,-911.27
2619,-911.32
2622,-911.34
2625,-911.33
2628,-911.33
2631,-911.3
2634,-911.32
2637,-911.29
2640,-911.29
2643,-911.29
2646,-911.21
2649,-911.28
2652,-911.23
2655,-911.28
2658,-911.3
2661,-911.29
2664,-911.22
2667,-911.23
2670,-911.19
2673,-911.25
2676,-911.26
2679,-911.29
2682,-911.27
2685,-911.26
2688,-911.25
2691,-911.26
2694,-911.24
2697,-911.25
2700,-911.25
2703,-911.25
2706,-911.28
2709,-911.28
2712,-911.27
2715,-911.25
2718,-911.24
2721,-911.24
2724,-911.24
2727,-911.26
2730,-911.23
2733,-911.23
2736,-911.26
2739,-911.27
2742,-911.25
2745,-911.25
2748,-911.22
2751,-911.24
2754,-911.25
2757,-911.23
2760,-911.21
2763,-911.25
2766,-911.23
2769,-911.23
2772,-911.22
2775,-911.24
2778,-911.24
2781,-911.26
2784,-911.31
2787,-911.28
2790,-911.25
2793,-911.28
2796,-911.3
2799,-911.32
2802,-911.28
2805,-911.25
2808,-911.27
2811,-911.3
2814,-911.3
2817,-911.32
2820,-911.31
2823,-911.31
2826,-911.3
2829,-911.3
2832,-911.34
2835,-911.32
2838,-911.29
2841,-911.29
2844,-911.29
2847,-911.33
2850,-911.33
2853,-911.33
2856,-911.35
2859,-911.32
2862,-911.33
2865,-911.33
2868,-911.33
2871,-911.33
2874,-911.36
2877,-911.39
2880,-911.36
2883,-911.32
2886,-911.34
2889,-911.37
2892,-911.36
2895,-911.36
2898,-911.35
2901,-911.37
2904,-911.37
2907,-911.35
2910,-911.34
2913,-911.35
2916,-911.34
2919,-911.36
2922,-911.39
2925,-911.37
2928,-911.35
2931,-911.35
2934,-911.32
2937,-911.31
2940,-911.32
2943,-911.32
2946,-911.32
2949,-911.33
2952,-911.33
2955,-911.31
2958,-911.3
2961,-911.31
2964,-911.33
2967,-911.34
2970,-911.35
2973,-911.37
2976,-911.34
2979,-911.32
2982,-911.35
2985,-911.32
2988,-911.35
2991,-911.37
2994,-911.34
2997,-911.34
3000,-911.34
3003,-911.31
3006,-911.34
3009,-911.35
3012,-911.38
3015,-911.37
3018,-911.35
3021,-911.35
3024,-911.37
3027,-911.39
3030,-911.35
3033,-911.33
3036,-911.33
3039,-911.38
3042,-911.31
3045,-911.32
3048,-911.35
3051,-911.36
3054,-911.34
3057,-911.34
3060,-911.4
3063,-911.4
3066,-911.34
3069,-911.41
3072,-911.39
3075,-911.41
3078,-911.43
3081,-911.38
3084,-911.41
3087,-911.45
3090,-911.42
3093,-911.41
3096,-911.39
3099,-911.42
3102,-911.4
3105,-911.41
3108,-911.46
3111,-911.48
3114,-911.46
3117,-911.42
3120,-911.42
3123,-911.4
3126,-911.39
3129,-911.38
3132,-911.4
3135,-911.53
3138,-911.49
3141,-911.51
3144,-911.49
3147,-911.45
3150,-911.49
3153,-911.51
3156,-911.47
3159,-911.58
3162,-911.54
3165,-911.52
3168,-911.55
3171,-911.54
3174,-911.53
3177,-911.57
3180,-911.57
3183,-911.58
3186,-911.62
3189,-911.59
3192,-911.56
3195,-911.6
3198,-911.62
3201,-911.65
3204,-911.67
3207,-911.64
3210,-911.65
3213,-911.65
3216,-911.65
3219,-911.69
3222,-911.73
3225,-911.72
3228,-911.74
3231,-911.75
3234,-911.77
3237,-911.73
3240,-911.79
3243,-911.79
3246,-911.79
3249,-911.81
3252,-911.79
3255,-911.79
3258,-911.85
3261,-911.84
3264,-911.85
3267,-911.9
3270,-911.91
3273,-911.9
3276,-911.93
3279,-911.92
3282,-911.94
3285,-911.94
3288,-911.97
3291,-911.99
3294,-911.99
3297,-911.97
3300,-911.96
3303,-912.02
3306,-912.03
3309,-912.02
3312,-912.05
3315,-912.07
3318,-912.07
3321,-912.07
3324,-912.08
3327,-912.06
3330,-912.11
3333,-912.08
3336,-912.06
3339,-912.09
3342,-912.08
3345,-912.1
3348,-912.11
3351,-912.14
3354,-912.12
3357,-912.12
3360,-912.13
3363,-912.11
3366,-912.08
3369,-912.12
3372,-912.14
3375,-912.13
3378,-912.15
3381,-912.17
3384,-912.17
3387,-912.11
3390,-912.15
3393,-912.17
3396,-912.16
3399,-912.13
3402,-912.14
3405,-912.16
3408,-912.16
3411,-912.16
3414,-912.17
3417,-912.17
3420,-912.16
3423,-912.13
3426,-912.13
3429,-912.15
3432,-912.16
3435,-912.15
3438,-912.14
3441,-912.17
3444,-912.16
3447,-912.13
3450,-912.12
3453,-912.1
3456,-912.12
3459,-912.1
3462,-912.09
3465,-912.1
3468,-912.09
3471,-912.09
3474,-912.09
3477,-912.07
3480,-912.08
3483,-912.08
3486,-912.06
3489,-912.03
3492,-912.03
3495,-912.03
3498,-912
3501,-912
3504,-911.98
3507,-911.98
3510,-911.96
3513,-911.94
3516,-911.95
3519,-911.91
3522,-911.91
3525,-911.94
3528,-911.91
3531,-911.88
3534,-911.87
3537,-911.92
3540,-911.93
3543,-911.89
3546,-911.89
3549,-911.93
3552,-911.86
3555,-911.87
3558,-911.87
3561,-911.82
3564,-911.84
3567,-911.84
3570,-911.85
3573,-911.83
3576,-911.82
3579,-911.83
3582,-911.79
3585,-911.78
3588,-911.8
3591,-911.8
3594,-911.81
3597,-911.83
3600,-911.83
3603,-911.83
3606,-911.77
3609,-911.75
3612,-911.76
3615,-911.76
3618,-911.76
3621,-911.7
3624,-911.73
3627,-911.71
3630,-911.67
3633,-911.66
3636,-911.64
3639,-911.65
3642,-911.66
3645,-911.63
3648,-911.63
3651,-911.59
3654,-911.54
3657,-911.53
3660,-911.54
3663,-911.51
3666,-911.51
3669,-911.59
3672,-911.53
3675,-911.46
3678,-911.45
3681,-911.43
3684,-911.38
3687,-911.36
3690,-911.37
3693,-911.39
3696,-911.34
3699,-911.34
3702,-911.3
3705,-911.27
3708,-911.23
3711,-911.26
3714,-911.23
3717,-911.25
3720,-911.22
3723,-911.2
3726,-911.22
3729,-911.17
3732,-911.12
3735,-911.16
3738,-911.11
3741,-911.12
3744,-911.04
3747,-911.03
3750,-911.03
3753,-911.01
3756,-911
3759,-910.99
3762,-910.96
3765,-910.97
3768,-910.92
3771,-910.91
3774,-910.92
3777,-910.9
3780,-910.89
3783,-910.88
3786,-910.85
3789,-910.79
3792,-910.76
3795,-910.79
3798,-910.77
3801,-910.75
3804,-910.79
3807,-910.76
3810,-910.74
3813,-910.7
3816,-910.65
3819,-910.67
3822,-910.66
3825,-910.64
3828,-910.62
3831,-910.61
3834,-910.6
3837,-910.61
3840,-910.62
3843,-910.58
3846,-910.59
3849,-910.57
3852,-910.56
3855,-910.56
3858,-910.5
3861,-910.49
3864,-910.51
3867,-910.5
3870,-910.49
3873,-910.46
3876,-910.45
3879,-910.44
3882,-910.45
3885,-910.46
3888,-910.44
3891,-910.41
3894,-910.4
3897,-910.41
3900,-910.39
3903,-910.34
3906,-910.32
3909,-910.34
3912,-910.33
3915,-910.32
3918,-910.3
3921,-910.33
3924,-910.32
3927,-910.3
3930,-910.29
3933,-910.27
3936,-910.25
3939,-910.26
3942,-910.25
3945,-910.27
3948,-910.24
3951,-910.21
3954,-910.21
3957,-910.22
3960,-910.22
3963,-910.2
3966,-910.19
3969,-910.2
3972,-910.21
3975,-910.22
3978,-910.2
3981,-910.21
3984,-910.23
3987,-910.21
3990,-910.17
3993,-910.16
3996,-910.17
3999,-910.19
4002,-910.17
4005,-910.17
4008,-910.2
4011,-910.19
4014,-910.16
4017,-910.17
4020,-910.19
4023,-910.17
4026,-910.18
4029,-910.17
4032,-910.17
4035,-910.16
4038,-910.16
4041,-910.17
4044,-910.16
4047,-910.14
4050,-910.16
4053,-910.17
4056,-910.17
4059,-910.16
4062,-910.15
4065,-910.14
4068,-910.11
4071,-910.14
4074,-910.13
4077,-910.09
4080,-910.07
4083,-910.11
4086,-910.13
4089,-910.11
4092,-910.12
4095,-910.1
4098,-910.08
4101,-910.09
4104,-910.08
4107,-910.07
4110,-910.06
4113,-910.06
4116,-910.06
4119,-910.04
4122,-910.09
4125,-910.11
4128,-910.05
4131,-910.06
4134,-910.05
4137,-910.09
4140,-910.09
4143,-910.1
4146,-910.11
4149,-910.09
4152,-910.04
4155,-910.06
4158,-910.09
4161,-910.08
4164,-910.07
4167,-910.11
4170,-910.06
4173,-910.11
4176,-910.08
4179,-910.02
4182,-910.06
4185,-910.04
4188,-910.09
4191,-910.05
4194,-910.06
4197,-910.07
4200,-910.09
4203,-910.08
4206,-910.08
4209,-910.09
4212,-910.11
4215,-910.13
4218,-910.12
4221,-910.09
4224,-910.07
4227,-910.08
4230,-910.07
4233,-910.09
4236,-910.1
4239,-910.09
4242,-910.04
4245,-910.15
4248,-910.01
4251,-910.07
4254,-910.1
4257,-910.11
4260,-910.03
4263,-910.1
4266,-910.07
4269,-910.07
4272,-910.09
4275,-910.14
4278,-910.09
4281,-910.06
4284,-910.09
4287,-910.08
4290,-910.08
4293,-910.1
4296,-910.07
4299,-910.1
4302,-910.1
4305,-910.11
4308,-910.08
4311,-910.13
4314,-910.15
4317,-910.17
4320,-910.15
4323,-910.17
4326,-910.16
4329,-910.15
4332,-910.12
4335,-910.18
4338,-910.13
4341,-910.15
4344,-910.19
4347,-910.15
4350,-910.15
4353,-910.18
4356,-910.18
4359,-910.17
4362,-910.19
4365,-910.2
4368,-910.24
4371,-910.25
4374,-910.21
4377,-910.21
4380,-910.24
4383,-910.27
4386,-910.29
4389,-910.28
4392,-910.26
4395,-910.27
4398,-910.28
4401,-910.29
4404,-910.31
4407,-910.3
4410,-910.35
4413,-910.35
4416,-910.37
4419,-910.35
4422,-910.41
4425,-910.41
4428,-910.39
4431,-910.38
4434,-910.41
4437,-910.41
4440,-910.44
4443,-910.45
4446,-910.44
4449,-910.47
4452,-910.51
4455,-910.53
4458,-910.56
4461,-910.62
4464,-910.63
4467,-910.61
4470,-910.69
4473,-910.71
4476,-910.68
4479,-910.73
4482,-910.77
4485,-910.8
4488,-910.83
4491,-910.84
4494,-910.85
4497,-910.85
4500,-910.87
4503,-910.91
4506,-910.98
4509,-911.03
4512,-910.99
4515,-911.05
4518,-911.14
4521,-911.17
4524,-911.16
4527,-911.23
4530,-911.29
4533,-911.27
4536,-911.32
4539,-911.37
4542,-911.41
4545,-911.41
4548,-911.46
4551,-911.51
4554,-911.52
4557,-911.58
4560,-911.63
4563,-911.68
4566,-911.73
4569,-911.75
4572,-911.78
4575,-911.83
4578,-911.88
4581,-911.9
4584,-911.93
4587,-912.01
4590,-912.02
4593,-912.06
4596,-912.1
4599,-912.11
4602,-912.16
4605,-912.21
4608,-912.23
4611,-912.24
4614,-912.26
4617,-912.31
4620,-912.31
4623,-912.33
4626,-912.35
4629,-912.39
4632,-912.4
4635,-912.41
4638,-912.43
4641,-912.42
4644,-912.43
4647,-912.45
4650,-912.44
4653,-912.43
4656,-912.43
4659,-912.43
4662,-912.45
4665,-912.44
4668,-912.42
4671,-912.4
4674,-912.39
4677,-912.36
4680,-912.34
4683,-912.31
4686,-912.28
4689,-912.29
4692,-912.26
4695,-912.23
4698,-912.21
4701,-912.2
4704,-912.14
4707,-912.06
4710,-912.04
4713,-912.02
4716,-911.98
4719,-911.92
4722,-911.87
4725,-911.83
4728,-911.79
4731,-911.79
4734,-911.73
4737,-911.68
4740,-911.66
4743,-911.62
4746,-911.54
4749,-911.5
4752,-911.49
4755,-911.4
4758,-911.37
4761,-911.4
4764,-911.39
4767,-911.31
4770,-911.24
4773,-911.22
4776,-911.22
4779,-911.12
4782,-911.09
4785,-911.08
4788,-911.04
4791,-911.02
4794,-911.02
4797,-911
4800,-910.9
4803,-910.85
4806,-910.85
4809,-910.86
4812,-910.85
4815,-910.86
4818,-910.8
4821,-910.78
4824,-910.74
4827,-910.75
4830,-910.72
4833,-910.67
4836,-910.63
4839,-910.63
4842,-910.62
4845,-910.6
4848,-910.56
4851,-910.54
4854,-910.55
4857,-910.5
4860,-910.49
4863,-910.49
4866,-910.49
4869,-910.44
4872,-910.44
4875,-910.41
4878,-910.39
4881,-910.41
4884,-910.38
4887,-910.36
4890,-910.38
4893,-910.36
4896,-910.35
4899,-910.36
4902,-910.35
4905,-910.32
4908,-910.31
4911,-910.3
4914,-910.31
4917,-910.28
4920,-910.27
4923,-910.27
4926,-910.25
4929,-910.26
4932,-910.27
4935,-910.27
4938,-910.29
4941,-910.26
4944,-910.25
4947,-910.22
4950,-910.22
4953,-910.22
4956,-910.23
4959,-910.19
4962,-910.22
4965,-910.22
4968,-910.2
4971,-910.18
4974,-910.19
4977,-910.21
4980,-910.2
4983,-910.2
4986,-910.18
4989,-910.18
4992,-910.21
4995,-910.21
4998,-910.2
5001,-910.21
5004,-910.21
5007,-910.23
5010,-910.18
5013,-910.13
5016,-910.15
5019,-910.16
5022,-910.16
5025,-910.23
5028,-910.25
5031,-910.22
5034,-910.22
5037,-910.25
5040,-910.25
5043,-910.21
5046,-910.22
5049,-910.22
5052,-910.21
5055,-910.25
5058,-910.24
5061,-910.22
5064,-910.25
5067,-910.25
5070,-910.21
5073,-910.17
5076,-910.21
5079,-910.19
5082,-910.18
5085,-910.23
5088,-910.24
5091,-910.24
5094,-910.2
5097,-910.21
5100,-910.25
5103,-910.22
5106,-910.18
5109,-910.19
5112,-910.19
5115,-910.18
5118,-910.18
5121,-910.19
5124,-910.21
5127,-910.2
5130,-910.21
5133,-910.23
5136,-910.2
5139,-910.2
5142,-910.2
5145,-910.21
5148,-910.2
5151,-910.23
5154,-910.22
5157,-910.18
5160,-910.2
5163,-910.23
5166,-910.26
5169,-910.22
5172,-910.23
5175,-910.23
5178,-910.22
5181,-910.24
5184,-910.23
5187,-910.25
5190,-910.23
5193,-910.23
5196,-910.22
5199,-910.25
5202,-910.25
5205,-910.24
5208,-910.21
5211,-910.19
5214,-910.21
5217,-910.18
5220,-910.19
5223,-910.23
5226,-910.25
5229,-910.21
5232,-910.25
5235,-910.27
5238,-910.26
5241,-910.28
5244,-910.21
5247,-910.22
5250,-910.23
5253,-910.26
5256,-910.25
5259,-910.26
5262,-910.23
5265,-910.23
5268,-910.24
5271,-910.25
5274,-910.33
5277,-910.27
5280,-910.26
5283,-910.25
5286,-910.26
5289,-910.29
5292,-910.28
5295,-910.3
5298,-910.26
5301,-910.31
5304,-910.28
5307,-910.28
5310,-910.27
5313,-910.25
5316,-910.24
5319,-910.24
5322,-910.22
5325,-910.32
5328,-910.28
5331,-910.28
5334,-910.26
5337,-910.29
5340,-910.31
5343,-910.23
5346,-910.24
5349,-910.25
5352,-910.24
5355,-910.25
5358,-910.24
5361,-910.22
5364,-910.24
5367,-910.22
5370,-910.28
5373,-910.26
5376,-910.27
5379,-910.28
5382,-910.26
5385,-910.27
5388,-910.25
5391,-910.29
5394,-910.26
5397,-910.25
5400,-910.29
5403,-910.29
5406,-910.24
5409,-910.27
5412,-910.26
5415,-910.28
5418,-910.28
5421,-910.27
5424,-910.33
5427,-910.3
5430,-910.32
5433,-910.3
5436,-910.28
5439,-910.33
5442,-910.32
5445,-910.32
5448,-910.3
5451,-910.31
5454,-910.3
5457,-910.32
5460,-910.34
5463,-910.34
5466,-910.37
5469,-910.34
5472,-910.35
5475,-910.35
5478,-910.42
5481,-910.41
5484,-910.36
5487,-910.38
5490,-910.36
5493,-910.36
5496,-910.35
5499,-910.33
5502,-910.36
5505,-910.37
5508,-910.34
5511,-910.36
5514,-910.43
5517,-910.43
5520,-910.4
5523,-910.4
5526,-910.39
5529,-910.42
5532,-910.42
5535,-910.42
5538,-910.39
5541,-910.4
5544,-910.39
5547,-910.41
5550,-910.45
5553,-910.43
5556,-910.39
5559,-910.39
5562,-910.39
5565,-910.41
5568,-910.41
5571,-910.44
5574,-910.45
5577,-910.43
5580,-910.41
5583,-910.44
5586,-910.45
5589,-910.45
5592,-910.46
5595,-910.43
5598,-910.44
5601,-910.45
5604,-910.47
5607,-910.51
5610,-910.52
5613,-910.49
5616,-910.51
5619,-910.51
5622,-910.52
5625,-910.52
5628,-910.54
5631,-910.54
5634,-910.53
5637,-910.53
5640,-910.53
5643,-910.56
5646,-910.57
5649,-910.56
5652,-910.57
5655,-910.58
5658,-910.6
5661,-910.6
5664,-910.59
5667,-910.61
5670,-910.64
5673,-910.7
5676,-910.67
5679,-910.62
5682,-910.65
5685,-910.67
5688,-910.68
5691,-910.69
5694,-910.71
5697,-910.67
5700,-910.68
5703,-910.73
5706,-910.72
5709,-910.71
5712,-910.71
5715,-910.72
5718,-910.68
5721,-910.75
5724,-910.79
5727,-910.79
5730,-910.77
5733,-910.77
5736,-910.75
5739,-910.8
5742,-910.81
5745,-910.78
5748,-910.77
5751,-910.81
5754,-910.82
5757,-910.84
5760,-910.88
5763,-910.82
5766,-910.84
5769,-910.84
5772,-910.82
5775,-910.84
5778,-910.89
5781,-910.88
5784,-910.88
5787,-910.89
5790,-910.9
5793,-910.93
5796,-910.95
5799,-910.9
5802,-910.92
5805,-910.92
5808,-910.98
5811,-910.93
5814,-910.94
5817,-910.95
5820,-911
5823,-911
5826,-910.93
5829,-911.01
5832,-911.03
5835,-911.05
5838,-911.01
5841,-911.06
5844,-911.03
5847,-911
5850,-911.02
5853,-911.03
5856,-911.07
5859,-911.08
5862,-911.07
5865,-911.12
5868,-911.1
5871,-911.13
5874,-911.11
5877,-911.05
5880,-911.12
5883,-911.11
5886,-911.17
5889,-911.15
5892,-911.14
5895,-911.13
5898,-911.1
5901,-911.23
5904,-911.19
5907,-911.23
5910,-911.11
5913,-911.18
5916,-911.2
5919,-911.2
5922,-911.19
5925,-911.19
5928,-911.19
5931,-911.19
5934,-911.22
5937,-911.23
5940,-911.22
5943,-911.24
5946,-911.17
5949,-911.22
5952,-911.21
5955,-911.19
5958,-911.23
5961,-911.24
5964,-911.25
5967,-911.27
5970,-911.3
5973,-911.24
5976,-911.27
5979,-911.27
5982,-911.28
5985,-911.27
5988,-911.29
5991,-911.35
5994,-911.34
5997,-911.33
6000,-911.32
6003,-911.36
6006,-911.36
6009,-911.33
6012,-911.3
6015,-911.32
6018,-911.32
6021,-911.34
6024,-911.36
6027,-911.35
6030,-911.35
6033,-911.38
6036,-911.39
6039,-911.38
6042,-911.4
6045,-911.43
6048,-911.43
6051,-911.42
6054,-911.43
6057,-911.43
6060,-911.45
6063,-911.47
6066,-911.46
6069,-911.44
6072,-911.42
6075,-911.43
6078,-911.46
6081,-911.47
6084,-911.49
6087,-911.5
6090,-911.51
6093,-911.5
6096,-911.49
6099,-911.53
6102,-911.55
6105,-911.55
6108,-911.54
6111,-911.56
6114,-911.59
6117,-911.6
6120,-911.57
6123,-911.59
6126,-911.62
6129,-911.64
6132,-911.66
6135,-911.68
6138,-911.68
6141,-911.67
6144,-911.69
6147,-911.69
6150,-911.69
6153,-911.72
6156,-911.75
6159,-911.77
6162,-911.78
6165,-911.78
6168,-911.82
6171,-911.82
6174,-911.81
6177,-911.82
6180,-911.84
6183,-911.87
6186,-911.87
6189,-911.86
6192,-911.89
6195,-911.9
6198,-911.9
6201,-911.95
6204,-911.95
6207,-911.91
6210,-911.93
6213,-911.97
6216,-911.96
6219,-911.99
6222,-911.96
6225,-911.95
6228,-911.98
6231,-912
6234,-912.03
6237,-912.04
6240,-912.05
6243,-912.05
6246,-912.05
6249,-912.07
6252,-912.09
6255,-912.09
6258,-912.11
6261,-912.12
6264,-912.11
6267,-912.14
6270,-912.14
6273,-912.13
6276,-912.16
6279,-912.18
6282,-912.18
6285,-912.15
6288,-912.16
6291,-912.17
6294,-912.19
6297,-912.17
6300,-912.16
6303,-912.22
6306,-912.24
6309,-912.2
6312,-912.24
6315,-912.26
6318,-912.23
6321,-912.26
6324,-912.3
6327,-912.26
6330,-912.27
6333,-912.27
6336,-912.26
6339,-912.29
6342,-912.27
6345,-912.25
6348,-912.26
6351,-912.19
6354,-912.24
6357,-912.28
6360,-912.28
6363,-912.3
6366,-912.31
6369,-912.27
6372,-912.31
6375,-912.32
6378,-912.34
6381,-912.3
6384,-912.31
6387,-912.25
6390,-912.32
6393,-912.41
6396,-912.3
6399,-912.38
6402,-912.39
6405,-912.34
6408,-912.36
6411,-912.4
6414,-912.4
6417,-912.36
6420,-912.38
6423,-912.41
6426,-912.42
6429,-912.4
6432,-912.48
6435,-912.44
6438,-912.42
6441,-912.47
6444,-912.43
6447,-912.46
6450,-912.52
6453,-912.49
6456,-912.52
6459,-912.55
6462,-912.53
6465,-912.57
6468,-912.56
6471,-912.52
6474,-912.58
6477,-912.57
6480,-912.57
6483,-912.61
6486,-912.63
6489,-912.65
6492,-912.68
6495,-912.62
6498,-912.68
6501,-912.73
6504,-912.72
6507,-912.71
6510,-912.75
6513,-912.69
6516,-912.73
6519,-912.77
6522,-912.74
6525,-912.74
6528,-912.72
6531,-912.67
6534,-912.76
6537,-912.75
6540,-912.75
6543,-912.77
6546,-912.78
6549,-912.77
6552,-912.76
6555,-912.76
6558,-912.79
6561,-912.8
6564,-912.77
6567,-912.76
6570,-912.75
6573,-912.76
6576,-912.77
6579,-912.75
6582,-912.75
6585,-912.81
6588,-912.79
6591,-912.79
6594,-912.76
6597,-912.77
6600,-912.78
6603,-912.78
6606,-912.79
6609,-912.79
6612,-912.78
6615,-912.78
6618,-912.8
6621,-912.79
6624,-912.79
6627,-912.8
6630,-912.81
6633,-912.8
6636,-912.8
6639,-912.79
6642,-912.85
6645,-912.86
6648,-912.83
6651,-912.82
6654,-912.79
6657,-912.79
6660,-912.82
6663,-912.8
6666,-912.8
6669,-912.83
6672,-912.88
6675,-912.89
6678,-912.87
6681,-912.87
6684,-912.87
6687,-912.86
6690,-912.86
6693,-912.86
6696,-912.87
6699,-912.87
6702,-912.88
6705,-912.89
6708,-912.88
6711,-912.88
6714,-912.89
6717,-912.89
6720,-912.9
6723,-912.92
6726,-912.9
6729,-912.87
6732,-912.87
6735,-912.87
6738,-912.89
6741,-912.89
6744,-912.9
6747,-912.92
6750,-912.91
6753,-912.95
6756,-912.93
6759,-912.93
6762,-912.99
6765,-912.96
6768,-912.92
6771,-912.91
6774,-912.91
6777,-912.94
6780,-912.94
6783,-912.93
6786,-912.92
6789,-912.93
6792,-912.93
6795,-912.92
6798,-912.94
6801,-912.94
6804,-912.95
6807,-912.96
6810,-912.94
6813,-912.93
6816,-912.93
6819,-912.99
6822,-912.95
6825,-912.92
6828,-912.93
6831,-912.96
6834,-912.96
6837,-912.93
6840,-912.95
6843,-912.99
6846,-912.9
6849,-912.89
6852,-912.94
6855,-912.93
6858,-912.96
6861,-912.91
6864,-912.93
6867,-912.94
6870,-912.95
6873,-912.96
6876,-912.91
6879,-912.93
6882,-912.95
6885,-912.97
6888,-912.95
6891,-912.94
6894,-912.97
6897,-912.94
6900,-912.91
6903,-912.91
6906,-912.98
6909,-912.93
6912,-912.94
6915,-912.89
6918,-912.88
6921,-912.88
6924,-912.89
6927,-912.88
6930,-912.89
6933,-912.87
6936,-912.88
6939,-912.91
6942,-912.92
6945,-912.93
6948,-912.92
6951,-912.97
6954,-912.96
6957,-912.91
6960,-912.93
6963,-912.92
6966,-912.93
6969,-912.89
6972,-912.98
6975,-912.89
6978,-912.92
6981,-912.84
6984,-912.88
6987,-912.88
6990,-912.9
6993,-912.91
6996,-912.84
6999,-912.83
7002,-912.8
7005,-912.85
7008,-912.87
7011,-912.84
7014,-912.82
7017,-912.84
7020,-912.88
7023,-912.82
7026,-912.82
7029,-912.84
7032,-912.81
7035,-912.83
7038,-912.83
7041,-912.8
7044,-912.79
7047,-912.81
7050,-912.83
7053,-912.83
7056,-912.82
7059,-912.8
7062,-912.76
7065,-912.78
7068,-912.78
7071,-912.79
7074,-912.76
7077,-912.77
7080,-912.8
7083,-912.78
7086,-912.77
7089,-912.78
7092,-912.79
7095,-912.77
7098,-912.79
7101,-912.79
7104,-912.81
7107,-912.79
7110,-912.78
7113,-912.76
7116,-912.76
7119,-912.78
7122,-912.79
7125,-912.8
7128,-912.78
7131,-912.78
7134,-912.81
7137,-912.77
7140,-912.78
7143,-912.81
7146,-912.82
7149,-912.77
7152,-912.76
7155,-912.74
7158,-912.82
7161,-912.79
7164,-912.78
7167,-912.77
7170,-912.84
7173,-912.82
7176,-912.8
7179,-912.79
7182,-912.8
7185,-912.81
7188,-912.79
7191,-912.82
7194,-912.82
7197,-912.81
7200,-912.82
7203,-912.82
7206,-912.83
7209,-912.84
7212,-912.83
7215,-912.84
7218,-912.86
7221,-912.88
7224,-912.84
7227,-912.81
7230,-912.83
7233,-912.8
7236,-912.87
7239,-912.84
7242,-912.86
7245,-912.8
7248,-912.83
7251,-912.83
7254,-912.84
7257,-912.85
7260,-912.9
7263,-912.85
7266,-912.85
7269,-912.86
7272,-912.89
7275,-912.86
7278,-912.9
7281,-912.88
7284,-912.91
7287,-912.92
7290,-912.92
7293,-912.91
7296,-912.9
7299,-912.89
7302,-912.87
7305,-912.88
7308,-912.9
7311,-912.92
7314,-912.93
7317,-912.94
7320,-912.95
7323,-912.94
7326,-912.97
7329,-912.97
7332,-912.94
7335,-912.92
7338,-913.01
7341,-912.97
7344,-912.95
7347,-912.99
7350,-912.99
7353,-912.95
7356,-912.98
7359,-913.01
7362,-912.99
7365,-912.98
7368,-913.03
7371,-913.03
7374,-913.04
7377,-913.07
7380,-913.05
7383,-913.05
7386,-913.09
7389,-913.12
7392,-913.1
7395,-913.04
7398,-913.13
7401,-913.17
7404,-913.17
7407,-913.13
7410,-913.19
7413,-913.16
7416,-913.17
7419,-913.19
7422,-913.21
7425,-913.24
7428,-913.23
7431,-913.24
7434,-913.26
7437,-913.26
7440,-913.25
7443,-913.27
7446,-913.29
7449,-913.33
7452,-913.4
7455,-913.37
7458,-913.36
7461,-913.4
7464,-913.43
7467,-913.45
7470,-913.44
7473,-913.47
7476,-913.47
7479,-913.52
7482,-913.53
7485,-913.53
7488,-913.54
7491,-913.55
7494,-913.57
7497,-913.59
7500,-913.59
7503,-913.6
7506,-913.64
7509,-913.67
7512,-913.7
7515,-913.67
7518,-913.74
7521,-913.74
7524,-913.73
7527,-913.73
7530,-913.76
7533,-913.8
7536,-913.82
7539,-913.84
7542,-913.88
7545,-913.89
7548,-913.89
7551,-913.95
7554,-913.93
7557,-913.97
7560,-913.92
7563,-913.92
7566,-913.99
7569,-914.01
7572,-914.02
7575,-914.07
7578,-914.08
7581,-914.03
7584,-914.06
7587,-914.1
7590,-914.11
7593,-914.16
7596,-914.17
7599,-914.15
7602,-914.19
7605,-914.21
7608,-914.26
7611,-914.22
7614,-914.23
7617,-914.26
7620,-914.27
7623,-914.31
7626,-914.33
7629,-914.28
7632,-914.35
7635,-914.31
7638,-914.38
7641,-914.4
7644,-914.41
7647,-914.44
7650,-914.44
7653,-914.43
7656,-914.45
7659,-914.48
7662,-914.49
7665,-914.56
7668,-914.62
7671,-914.64
7674,-914.64
7677,-914.65
7680,-914.64
7683,-914.71
7686,-914.74
7689,-914.74
7692,-914.74
7695,-914.71
7698,-914.74
7701,-914.78
7704,-914.79
7707,-914.82
7710,-914.84
7713,-914.89
7716,-914.92
7719,-914.92
7722,-914.96
7725,-915
7728,-915.01
7731,-915.06
7734,-915.07
7737,-915.06
7740,-915.14
7743,-915.14
7746,-915.21
7749,-915.25
7752,-915.23
7755,-915.23
7758,-915.25
7761,-915.29
7764,-915.3
7767,-915.36
7770,-915.36
7773,-915.35
7776,-915.4
7779,-915.45
7782,-915.43
7785,-915.46
7788,-915.47
7791,-915.53
7794,-915.54
7797,-915.57
7800,-915.58
7803,-915.6
7806,-915.61
7809,-915.63
7812,-915.66
7815,-915.71
7818,-915.72
7821,-915.67
7824,-915.73
7827,-915.81
7830,-915.88
7833,-915.87
7836,-915.86
7839,-915.92
7842,-915.96
7845,-915.98
7848,-915.97
7851,-916.03
7854,-916.06
7857,-916.07
7860,-916.12
7863,-916.12
7866,-916.11
7869,-916.18
7872,-916.2
7875,-916.26
7878,-916.29
7881,-916.29
7884,-916.37
7887,-916.39
7890,-916.45
7893,-916.44
7896,-916.51
7899,-916.51
7902,-916.54
7905,-916.58
7908,-916.64
7911,-916.66
7914,-916.63
7917,-916.65
7920,-916.72
7923,-916.74
7926,-916.77
7929,-916.77
7932,-916.79
7935,-916.85
7938,-916.9
7941,-916.97
7944,-917
7947,-917.03
7950,-917.06
7953,-917.09
7956,-917.12
7959,-917.11
7962,-917.16
7965,-917.21
7968,-917.3
7971,-917.34
7974,-917.36
7977,-917.41
7980,-917.46
7983,-917.48
7986,-917.51
7989,-917.59
7992,-917.63
7995,-917.66
7998,-917.72
8001,-917.78
8004,-917.82
8007,-917.83
8010,-917.87
8013,-917.93
8016,-917.97
8019,-918.03
8022,-918.08
8025,-918.12
8028,-918.19
8031,-918.28
8034,-918.34
8037,-918.4
8040,-918.51
8043,-918.57
8046,-918.62
8049,-918.67
8052,-918.73
8055,-918.76
8058,-918.83
8061,-918.94
8064,-918.98
8067,-919.02
8070,-919.07
8073,-919.15
8076,-919.19
8079,-919.23
8082,-919.39
8085,-919.43
8088,-919.52
8091,-919.55
8094,-919.59
8097,-919.65
8100,-919.73
8103,-919.79
8106,-919.91
8109,-919.92
8112,-920.02
8115,-920.08
8118,-920.15
8121,-920.23
8124,-920.27
8127,-920.37
8130,-920.46
8133,-920.53
8136,-920.56
8139,-920.69
8142,-920.79
8145,-920.86
8148,-920.91
8151,-921.02
8154,-921.06
8157,-921.13
8160,-921.21
8163,-921.27
8166,-921.34
8169,-921.39
8172,-921.46
8175,-921.54
8178,-921.63
8181,-921.71
8184,-921.82
8187,-921.87
8190,-921.94
8193,-922.04
8196,-922.14
8199,-922.26
8202,-922.23
8205,-922.34
8208,-922.42
8211,-922.45
8214,-922.52
8217,-922.61
8220,-922.7
8223,-922.75
8226,-922.82
8229,-922.87
8232,-922.93
8235,-923.01
8238,-923.09
8241,-923.16
8244,-923.22
8247,-923.32
8250,-923.38
8253,-923.45
8256,-923.54
8259,-923.61
8262,-923.69
8265,-923.73
8268,-923.79
8271,-923.84
8274,-923.91
8277,-924
8280,-924.07
8283,-924.15
8286,-924.2
8289,-924.3
8292,-924.35
8295,-924.45
8298,-924.53
8301,-924.58
8304,-924.64
8307,-924.71
8310,-924.8
8313,-924.9
8316,-924.94
8319,-925
8322,-925.05
8325,-925.12
8328,-925.17
8331,-925.24
8334,-925.35
8337,-925.41
8340,-925.52
8343,-925.6
8346,-925.66
8349,-925.76
8352,-925.82
8355,-925.89
8358,-925.97
8361,-926
8364,-926.1
8367,-926.19
8370,-926.27
8373,-926.33
8376,-926.39
8379,-926.48
8382,-926.56
8385,-926.65
8388,-926.78
8391,-926.91
8394,-926.92
8397,-926.99
8400,-927.04
8403,-927.11
8406,-927.22
8409,-927.33
8412,-927.44
8415,-927.49
8418,-927.54
8421,-927.61
8424,-927.73
8427,-927.84
8430,-927.93
8433,-928.01
8436,-928.11
8439,-928.2
8442,-928.3
8445,-928.39
8448,-928.51
8451,-928.63
8454,-928.74
8457,-928.84
8460,-928.86
8463,-928.93
8466,-929.11
8469,-929.22
8472,-929.28
8475,-929.38
8478,-929.5
8481,-929.55
8484,-929.67
8487,-929.74
8490,-929.84
8493,-929.95
8496,-930.05
8499,-930.16
8502,-930.2
8505,-930.31
8508,-930.38
8511,-930.39
8514,-930.44
8517,-930.52
8520,-930.6
8523,-930.7
8526,-930.79
8529,-930.87
8532,-930.95
8535,-930.99
8538,-931.05
8541,-931.12
8544,-931.16
8547,-931.14
8550,-931.21
8553,-931.24
8556,-931.24
8559,-931.23
8562,-931.22
8565,-931.25
8568,-931.24
8571,-931.23
8574,-931.27
8577,-931.22
8580,-931.28
8583,-931.24
8586,-931.23
8589,-931.18
8592,-931.13
8595,-931.08
8598,-931.06
8601,-931.05
8604,-930.97
8607,-930.91
8610,-930.86
8613,-930.81
8616,-930.72
8619,-930.61
8622,-930.58
8625,-930.52
8628,-930.45
8631,-930.41
8634,-930.35
8637,-930.27
8640,-930.16
8643,-930.06
8646,-929.95
8649,-929.83
8652,-929.75
8655,-929.7
8658,-929.61
8661,-929.52
8664,-929.38
8667,-929.27
8670,-929.17
8673,-929.05
8676,-928.97
8679,-928.91
8682,-928.78
8685,-928.68
8688,-928.58
8691,-928.49
8694,-928.43
8697,-928.36
8700,-928.28
8703,-928.14
8706,-928.04
8709,-927.99
8712,-927.93
8715,-927.82
8718,-927.77
8721,-927.65
8724,-927.62
8727,-927.55
8730,-927.45
8733,-927.36
8736,-927.33
8739,-927.25
8742,-927.16
8745,-927.1
8748,-927.06
8751,-926.99
8754,-926.94
8757,-926.93
8760,-926.88
8763,-926.84
8766,-926.73
8769,-926.73
8772,-926.68
8775,-926.62
8778,-926.55
8781,-926.52
8784,-926.45
8787,-926.48
8790,-926.45
8793,-926.41
8796,-926.4
8799,-926.36
8802,-926.33
8805,-926.33
8808,-926.37
8811,-926.28
8814,-926.28
8817,-926.22
8820,-926.19
8823,-926.2
8826,-926.18
8829,-926.15
8832,-926.15
8835,-926.14
8838,-926.11
8841,-926.12
8844,-926.11
8847,-926.13
8850,-926.15
8853,-926.11
8856,-926.18
8859,-926.03
8862,-926.07
8865,-926.07
8868,-926.04
8871,-926.05
8874,-926.08
8877,-926.07
8880,-926.08
8883,-926.08
8886,-926.07
8889,-926.06
8892,-926.04
8895,-926.07
8898,-926.07
8901,-926.05
8904,-926.05
8907,-926.07
8910,-926.04
8913,-926.06
8916,-926.06
8919,-926.04
8922,-926.04
8925,-926.05
8928,-926.05
8931,-926.06
8934,-926.06
8937,-926.05
8940,-926.03
8943,-926.06
8946,-926.03
8949,-926.01
8952,-926.08
8955,-926.09
8958,-926.07
8961,-926.08
8964,-926.09
8967,-926.09
8970,-926.1
8973,-926.16
8976,-926.15
8979,-926.13
8982,-926.15
8985,-926.13
8988,-926.15
8991,-926.21
8994,-926.2
8997,-926.24
9000,-926.23
9003,-926.23
9006,-926.26
9009,-926.3
9012,-926.33
9015,-926.33
9018,-926.32
9021,-926.39
9024,-926.4
9027,-926.45
9030,-926.47
9033,-926.49
9036,-926.52
9039,-926.53
9042,-926.55
9045,-926.58
9048,-926.62
9051,-926.63
9054,-926.66
9057,-926.68
9060,-926.69
9063,-926.77
9066,-926.79
9069,-926.85
9072,-926.86
9075,-926.85
9078,-926.89
9081,-926.97
9084,-927.03
9087,-927.02
9090,-927.03
9093,-927.1
9096,-927.18
9099,-927.18
9102,-927.18
9105,-927.21
9108,-927.29
9111,-927.33
9114,-927.38
9117,-927.5
9120,-927.5
9123,-927.52
9126,-927.55
9129,-927.61
9132,-927.65
9135,-927.64
9138,-927.76
9141,-927.77
9144,-927.81
9147,-927.86
9150,-927.89
9153,-927.93
9156,-927.96
9159,-928.01
9162,-928.05
9165,-928.16
9168,-928.19
9171,-928.21
9174,-928.26
9177,-928.34
9180,-928.41
9183,-928.44
9186,-928.47
9189,-928.45
9192,-928.6
9195,-928.65
9198,-928.67
9201,-928.74
9204,-928.78
9207,-928.87
9210,-928.91
9213,-928.96
9216,-929.06
9219,-929.13
9222,-929.16
9225,-929.24
9228,-929.27
9231,-929.34
9234,-929.4
9237,-929.47
9240,-929.53
9243,-929.56
9246,-929.64
9249,-929.66
9252,-929.78
9255,-929.81
9258,-929.89
9261,-929.95
9264,-930.08
9267,-930.13
9270,-930.14
9273,-930.19
9276,-930.27
9279,-930.3
9282,-930.37
9285,-930.43
9288,-930.49
9291,-930.56
9294,-930.62
9297,-930.65
9300,-930.75
9303,-930.8
9306,-930.81
9309,-930.93
9312,-930.95
9315,-930.97
9318,-931.02
9321,-931.09
9324,-931.13
9327,-931.17
9330,-931.23
9333,-931.31
9336,-931.36
9339,-931.4
9342,-931.42
9345,-931.47
9348,-931.56
9351,-931.57
9354,-931.64
9357,-931.63
9360,-931.71
9363,-931.77
9366,-931.77
9369,-931.84
9372,-931.79
9375,-931.84
9378,-931.93
9381,-931.97
9384,-932.01
9387,-932.05
9390,-932.07
9393,-932.09
9396,-932.1
9399,-932.15
9402,-932.16
9405,-932.21
9408,-932.25
9411,-932.28
9414,-932.3
9417,-932.32
9420,-932.41
9423,-932.4
9426,-932.41
9429,-932.39
9432,-932.38
9435,-932.39
9438,-932.41
9441,-932.46
9444,-932.5
9447,-932.57
9450,-932.57
9453,-932.58
9456,-932.62
9459,-932.66
9462,-932.7
9465,-932.66
9468,-932.69
9471,-932.76
9474,-932.74
9477,-932.74
9480,-932.75
9483,-932.78
9486,-932.79
9489,-932.8
9492,-932.83
9495,-932.88
9498,-932.84
9501,-932.84
9504,-932.81
9507,-932.82
9510,-932.83
9513,-932.86
9516,-932.83
9519,-932.81
9522,-932.79
9525,-932.78
9528,-932.76
9531,-932.72
9534,-932.69
9537,-932.7
9540,-932.66
9543,-932.66
9546,-932.66
9549,-932.62
9552,-932.58
9555,-932.53
9558,-932.54
9561,-932.51
9564,-932.49
9567,-932.47
9570,-932.43
9573,-932.42
9576,-932.38
9579,-932.36
9582,-932.26
9585,-932.27
9588,-932.2
9591,-932.17
9594,-932.15
9597,-932.1
9600,-932.07
9603,-932.02
9606,-931.99
9609,-931.93
9612,-931.89
9615,-931.89
9618,-931.82
9621,-931.77
9624,-931.76
9627,-931.69
9630,-931.66
9633,-931.67
9636,-931.61
9639,-931.56
9642,-931.48
9645,-931.47
9648,-931.44
9651,-931.42
9654,-931.39
9657,-931.33
9660,-931.3
9663,-931.25
9666,-931.19
9669,-931.16
9672,-931.09
9675,-931.06
9678,-931.05
9681,-931.02
9684,-930.99
9687,-930.91
9690,-930.83
9693,-930.77
9696,-930.79
9699,-930.75
9702,-930.67
9705,-930.67
9708,-930.66
9711,-930.6
9714,-930.57
9717,-930.53
9720,-930.49
9723,-930.44
9726,-930.45
9729,-930.42
9732,-930.41
9735,-930.38
9738,-930.35
9741,-930.29
9744,-930.29
9747,-930.29
9750,-930.28
9753,-930.25
9756,-930.25
9759,-930.2
9762,-930.19
9765,-930.21
9768,-930.19
9771,-930.2
9774,-930.16
9777,-930.21
9780,-930.18
9783,-930.18
9786,-930.17
9789,-930.16
9792,-930.22
9795,-930.26
9798,-930.23
9801,-930.24
9804,-930.28
9807,-930.27
9810,-930.28
9813,-930.31
9816,-930.36
9819,-930.35
9822,-930.39
9825,-930.4
9828,-930.46
9831,-930.5
9834,-930.5
9837,-930.49
9840,-930.56
9843,-930.54
9846,-930.56
9849,-930.59
9852,-930.59
9855,-930.62
9858,-930.67
9861,-930.7
9864,-930.73
9867,-930.79
9870,-930.81
9873,-930.83
9876,-930.87
9879,-930.9
9882,-930.93
9885,-930.94
9888,-930.94
9891,-931.04
9894,-931.01
9897,-931.05
9900,-931.08
9903,-931.08
9906,-931.1
9909,-931.16
9912,-931.19
9915,-931.22
9918,-931.2
9921,-931.24
9924,-931.33
9927,-931.34
9930,-931.35
9933,-931.36
9936,-931.37
9939,-931.45
9942,-931.43
9945,-931.46
9948,-931.45
9951,-931.5
9954,-931.54
9957,-931.59
9960,-931.6
9963,-931.6
9966,-931.63
9969,-931.68
9972,-931.68
9975,-931.72
9978,-931.79
9981,-931.86
9984,-931.84
9987,-931.86
9990,-931.89
9993,-931.95
9996,-931.99
9999,-932.04
10002,-932.09
10005,-932.13
10008,-932.17
10011,-932.2
10014,-932.23
10017,-932.29
10020,-932.36
10023,-932.41
10026,-932.44
10029,-932.51
10032,-932.6
10035,-932.63
10038,-932.7
10041,-932.77
10044,-932.81
10047,-932.82
10050,-932.89
10053,-932.96
10056,-932.99
10059,-933
10062,-933.08
10065,-933.13
10068,-933.18
10071,-933.24
10074,-933.26
10077,-933.29
10080,-933.36
10083,-933.37
10086,-933.48
10089,-933.53
10092,-933.56
10095,-933.61
10098,-933.65
10101,-933.7
10104,-933.78
10107,-933.84
10110,-933.89
10113,-933.97
10116,-934.04
10119,-934.08
10122,-934.11
10125,-934.18
10128,-934.27
10131,-934.35
10134,-934.44
10137,-934.47
10140,-934.54
10143,-934.65
10146,-934.71
10149,-934.81
10152,-934.89
10155,-935.02
10158,-935.1
10161,-935.16
10164,-935.21
10167,-935.28
10170,-935.39
10173,-935.49
10176,-935.56
10179,-935.64
10182,-935.76
10185,-935.83
10188,-935.92
10191,-936.01
10194,-936.08
10197,-936.15
10200,-936.21
10203,-936.25
10206,-936.25
10209,-936.34
10212,-936.4
10215,-936.45
10218,-936.55
10221,-936.56
10224,-936.62
10227,-936.66
10230,-936.67
10233,-936.67
10236,-936.67
10239,-936.7
10242,-936.71
10245,-936.75
10248,-936.78
10251,-936.79
10254,-936.79
10257,-936.79
10260,-936.8
10263,-936.81
10266,-936.75
10269,-936.77
10272,-936.76
10275,-936.74
10278,-936.7
10281,-936.66
10284,-936.62
10287,-936.59
10290,-936.55
10293,-936.56
10296,-936.5
10299,-936.44
10302,-936.41
10305,-936.33
10308,-936.23
10311,-936.2
10314,-936.18
10317,-936.08
10320,-935.96
10323,-935.87
10326,-935.81
10329,-935.7
10332,-935.61
10335,-935.5
10338,-935.43
10341,-935.31
10344,-935.2
10347,-935.07
10350,-934.99
10353,-934.88
10356,-934.77
10359,-934.66
10362,-934.58
10365,-934.49
10368,-934.35
10371,-934.22
10374,-934.1
10377,-933.97
10380,-933.87
10383,-933.75
10386,-933.63
10389,-933.43
10392,-933.32
10395,-933.24
10398,-933.14
10401,-933.02
10404,-932.88
10407,-932.8
10410,-932.69
10413,-932.53
10416,-932.41
10419,-932.3
10422,-932.17
10425,-932.06
10428,-931.94
10431,-931.75
10434,-931.67
10437,-931.63
10440,-931.5
10443,-931.39
10446,-931.24
10449,-931.13
10452,-931.06
10455,-930.97
10458,-930.88
10461,-930.76
10464,-930.63
10467,-930.56
10470,-930.5
10473,-930.39
10476,-930.24
10479,-930.22
10482,-930.14
10485,-930.06
10488,-930
10491,-929.94
10494,-929.86
10497,-929.76
10500,-929.73
10503,-929.62
10506,-929.57
10509,-929.47
10512,-929.41
10515,-929.37
10518,-929.33
10521,-929.24
10524,-929.23
10527,-929.16
10530,-929.11
10533,-929.05
10536,-928.98
10539,-928.95
10542,-928.94
10545,-928.82
10548,-928.76
10551,-928.7
10554,-928.64
10557,-928.62
10560,-928.59
10563,-928.53
10566,-928.46
10569,-928.44
10572,-928.39
10575,-928.31
10578,-928.33
10581,-928.3
10584,-928.24
10587,-928.18
10590,-928.13
10593,-928.09
10596,-928.06
10599,-928.04
10602,-928.03
10605,-927.96
10608,-927.92
10611,-927.89
10614,-927.88
10617,-927.83
10620,-927.82
10623,-927.8
10626,-927.74
10629,-927.71
10632,-927.69
10635,-927.71
10638,-927.69
10641,-927.63
10644,-927.62
10647,-927.56
10650,-927.61
10653,-927.57
10656,-927.54
10659,-927.55
10662,-927.51
10665,-927.41
10668,-927.43
10671,-927.42
10674,-927.39
10677,-927.37
10680,-927.36
10683,-927.36
10686,-927.31
10689,-927.31
10692,-927.27
10695,-927.25
10698,-927.25
10701,-927.2
10704,-927.15
10707,-927.11
10710,-927.11
10713,-927.12
10716,-927.1
10719,-927.06
10722,-927.03
10725,-927.01
10728,-926.98
10731,-926.99
10734,-926.95
10737,-926.91
10740,-926.89
10743,-926.89
10746,-926.84
10749,-926.85
10752,-926.83
10755,-926.82
10758,-926.83
10761,-926.8
10764,-926.77
10767,-926.75
10770,-926.76
10773,-926.75
10776,-926.72
10779,-926.71
10782,-926.73
10785,-926.72
10788,-926.67
10791,-926.68
10794,-926.7
10797,-926.7
10800,-926.68
10803,-926.68
10806,-926.64
10809,-926.69
10812,-926.68
10815,-926.67
10818,-926.66
10821,-926.66
10824,-926.63
10827,-926.63
10830,-926.62
10833,-926.64
10836,-926.59
10839,-926.6
10842,-926.61
10845,-926.61
10848,-926.61
10851,-926.66
10854,-926.62
10857,-926.62
10860,-926.61
10863,-926.61
10866,-926.61
10869,-926.65
10872,-926.59
10875,-926.57
10878,-926.6
10881,-926.62
10884,-926.63
10887,-926.63
10890,-926.61
10893,-926.6
10896,-926.64
10899,-926.67
10902,-926.62
10905,-926.65
10908,-926.62
10911,-926.62
10914,-926.63
10917,-926.69
10920,-926.68
10923,-926.69
10926,-926.69
10929,-926.66
10932,-926.65
10935,-926.72
10938,-926.71
10941,-926.69
10944,-926.69
10947,-926.7
10950,-926.71
10953,-926.71
10956,-926.69
10959,-926.72
10962,-926.72
10965,-926.73
10968,-926.77
10971,-926.75
10974,-926.77
10977,-926.77
10980,-926.77
10983,-926.79
10986,-926.8
10989,-926.77
10992,-926.81
10995,-926.8
10998,-926.78
11001,-926.81
11004,-926.79
11007,-926.82
11010,-926.86
11013,-926.89
11016,-926.87
11019,-926.91
11022,-926.86
11025,-926.91
11028,-926.94
11031,-926.91
11034,-926.88
11037,-926.93
11040,-926.97
11043,-926.96
11046,-926.96
11049,-926.96
11052,-926.97
11055,-927.02
11058,-927.02
11061,-927.06
11064,-927.12
11067,-927.07
11070,-927.14
11073,-927.08
11076,-927.11
11079,-927.12
11082,-927.11
11085,-927.1
11088,-927.15
11091,-927.14
11094,-927.17
11097,-927.19
11100,-927.22
11103,-927.23
11106,-927.25
11109,-927.29
11112,-927.31
11115,-927.3
11118,-927.29
11121,-927.33
11124,-927.33
11127,-927.34
11130,-927.36
11133,-927.34
11136,-927.37
11139,-927.39
11142,-927.4
11145,-927.42
11148,-927.42
11151,-927.44
11154,-927.47
11157,-927.47
11160,-927.49
11163,-927.52
11166,-927.51
11169,-927.52
11172,-927.51
11175,-927.51
11178,-927.58
11181,-927.62
11184,-927.59
11187,-927.61
11190,-927.6
11193,-927.62
11196,-927.63
11199,-927.65
11202,-927.64
11205,-927.64
11208,-927.71
11211,-927.69
11214,-927.67
11217,-927.7
11220,-927.71
11223,-927.75
11226,-927.75
11229,-927.79
11232,-927.81
11235,-927.8
11238,-927.8
11241,-927.78
11244,-927.8
11247,-927.86
11250,-927.85
11253,-927.87
11256,-927.88
11259,-927.9
11262,-927.91
11265,-927.91
11268,-927.93
11271,-927.98
11274,-928.02
11277,-928.01
11280,-928
11283,-928.01
11286,-928.02
11289,-928.02
11292,-928.03
11295,-928.04
11298,-928.1
11301,-928.1
11304,-928.09
11307,-928.11
11310,-928.11
11313,-928.13
11316,-928.16
11319,-928.17
11322,-928.24
11325,-928.19
11328,-928.19
11331,-928.2
11334,-928.2
11337,-928.23
11340,-928.28
11343,-928.26
11346,-928.24
11349,-928.22
11352,-928.29
11355,-928.31
11358,-928.29
11361,-928.3
11364,-928.34
11367,-928.39
11370,-928.38
11373,-928.38
11376,-928.4
11379,-928.43
11382,-928.44
11385,-928.47
11388,-928.48
11391,-928.41
11394,-928.46
11397,-928.49
11400,-928.51
11403,-928.47
11406,-928.51
11409,-928.54
11412,-928.55
11415,-928.61
11418,-928.6
11421,-928.59
11424,-928.62
11427,-928.66
11430,-928.66
11433,-928.65
11436,-928.65
11439,-928.66
11442,-928.73
11445,-928.73
11448,-928.72
11451,-928.73
11454,-928.75
11457,-928.77
11460,-928.77
11463,-928.82
11466,-928.85
11469,-928.84
11472,-928.88
11475,-928.89
11478,-928.89
11481,-928.95
11484,-928.9
11487,-928.94
11490,-928.96
11493,-928.96
11496,-928.97
11499,-928.96
11502,-928.99
11505,-929.04
11508,-929.01
11511,-929.03
11514,-929.08
11517,-929.11
11520,-929.15
11523,-929.13
11526,-929.13
11529,-929.18
11532,-929.19
11535,-929.24
11538,-929.27
11541,-929.23
11544,-929.23
11547,-929.27
11550,-929.3
11553,-929.27
11556,-929.3
11559,-929.33
11562,-929.33
11565,-929.34
11568,-929.39
11571,-929.41
11574,-929.41
11577,-929.41
11580,-929.43
11583,-929.43
11586,-929.42
11589,-929.42
11592,-929.48
11595,-929.49
11598,-929.47
11601,-929.46
11604,-929.49
11607,-929.46
11610,-929.51
11613,-929.56
11616,-929.61
11619,-929.6
11622,-929.61
11625,-929.66
11628,-929.67
11631,-929.67
11634,-929.72
11637,-929.72
11640,-929.76
11643,-929.77
11646,-929.77
11649,-929.78
11652,-929.78
11655,-929.77
11658,-929.83
11661,-929.82
11664,-929.82
11667,-929.85
11670,-929.86
11673,-929.89
11676,-929.91
11679,-929.95
11682,-929.95
11685,-929.98
11688,-929.99
11691,-930
11694,-929.99
11697,-930.05
11700,-930.01
11703,-930.02
11706,-930.07
11709,-930.11
11712,-930.12
11715,-930.15
11718,-930.15
11721,-930.18
11724,-930.22
11727,-930.19
11730,-930.23
11733,-930.24
11736,-930.26
11739,-930.29
11742,-930.28
11745,-930.3
11748,-930.34
11751,-930.34
11754,-930.39
11757,-930.39
11760,-930.39
11763,-930.4
11766,-930.43
11769,-930.46
11772,-930.53
11775,-930.48
11778,-930.48
11781,-930.48
11784,-930.51
11787,-930.55
11790,-930.61
11793,-930.61
11796,-930.59
11799,-930.63
11802,-930.65
11805,-930.65
11808,-930.69
11811,-930.68
11814,-930.71
11817,-930.73
11820,-930.72
11823,-930.78
11826,-930.8
11829,-930.8
11832,-930.85
11835,-930.86
11838,-930.89
11841,-930.93
11844,-930.94
11847,-930.93
11850,-930.88
11853,-930.92
11856,-930.94
11859,-930.99
11862,-930.98
11865,-931.02
11868,-931.12
11871,-931.06
11874,-931.09
11877,-931.15
11880,-931.15
11883,-931.19
11886,-931.2
11889,-931.29
11892,-931.28
11895,-931.24
11898,-931.24
11901,-931.26
11904,-931.3
11907,-931.31
11910,-931.33
11913,-931.32
11916,-931.38
11919,-931.37
11922,-931.42
11925,-931.47
11928,-931.47
11931,-931.46
11934,-931.53
11937,-931.52
11940,-931.56
11943,-931.58
11946,-931.6
11949,-931.62
11952,-931.62
11955,-931.63
11958,-931.66
11961,-931.67
11964,-931.72
11967,-931.75
11970,-931.74
11973,-931.77
11976,-931.8
11979,-931.81
11982,-931.85
11985,-931.91
11988,-931.93
11991,-931.91
11994,-931.94
11997,-931.97
12000,-931.99
12003,-931.97
12006,-932.02
12009,-932.04
12012,-932.05
12015,-932.07
12018,-932.09
12021,-932.1
12024,-932.14
12027,-932.18
12030,-932.17
12033,-932.22
12036,-932.24
12039,-932.26
12042,-932.31
12045,-932.32
12048,-932.33
12051,-932.38
12054,-932.4
12057,-932.43
12060,-932.44
12063,-932.46
12066,-932.49
12069,-932.52
12072,-932.51
12075,-932.59
12078,-932.59
12081,-932.61
12084,-932.64
12087,-932.67
12090,-932.66
12093,-932.69
12096,-932.71
12099,-932.68
12102,-932.76
12105,-932.8
12108,-932.79
12111,-932.82
12114,-932.84
12117,-932.86
12120,-932.89
12123,-932.93
12126,-932.94
12129,-933
12132,-932.95
12135,-933
12138,-933.03
12141,-933.06
12144,-933.11
12147,-933.14
12150,-933.18
12153,-933.18
12156,-933.19
12159,-933.21
12162,-933.28
12165,-933.28
12168,-933.28
12171,-933.24
12174,-933.28
12177,-933.35
12180,-933.4
12183,-933.4
12186,-933.39
12189,-933.42
12192,-933.44
12195,-933.45
12198,-933.47
12201,-933.5
12204,-933.5
12207,-933.49
12210,-933.53
12213,-933.55
12216,-933.6
12219,-933.62
12222,-933.62
12225,-933.63
12228,-933.67
12231,-933.7
12234,-933.72
12237,-933.7
12240,-933.71
12243,-933.75
12246,-933.78
12249,-933.76
12252,-933.76
12255,-933.79
12258,-933.82
12261,-933.84
12264,-933.89
12267,-933.88
12270,-933.86
12273,-933.91
12276,-933.92
12279,-933.92
12282,-933.97
12285,-934
12288,-934.02
12291,-934
12294,-934.04
12297,-934.05
12300,-934.04
12303,-934.09
12306,-934.11
12309,-934.11
12312,-934.11
12315,-934.13
12318,-934.14
12321,-934.18
12324,-934.19
12327,-934.2
12330,-934.23
12333,-934.32
12336,-934.23
12339,-934.26
12342,-934.3
12345,-934.34
12348,-934.35
12351,-934.32
12354,-934.36
12357,-934.42
12360,-934.37
12363,-934.45
12366,-934.44
12369,-934.44
12372,-934.47
12375,-934.52
12378,-934.52
12381,-934.55
12384,-934.52
12387,-934.55
12390,-934.55
12393,-934.6
12396,-934.63
12399,-934.68
12402,-934.72
12405,-934.68
12408,-934.71
12411,-934.73
12414,-934.76
12417,-934.8
12420,-934.8
12423,-934.83
12426,-934.85
12429,-934.84
12432,-934.87
12435,-934.86
12438,-934.91
12441,-934.91
12444,-934.93
12447,-934.95
12450,-934.95
12453,-935.01
12456,-935.04
12459,-935.07
12462,-935.07
12465,-935.07
12468,-935.09
12471,-935.14
12474,-935.14
12477,-935.19
12480,-935.16
12483,-935.19
12486,-935.21
12489,-935.19
12492,-935.24
12495,-935.27
12498,-935.29
12501,-935.33
12504,-935.35
12507,-935.36
12510,-935.41
12513,-935.42
12516,-935.42
12519,-935.44
12522,-935.46
12525,-935.45
12528,-935.48
12531,-935.51
12534,-935.52
12537,-935.57
12540,-935.54
12543,-935.53
12546,-935.57
12549,-935.58
12552,-935.61
12555,-935.63
12558,-935.64
12561,-935.65
12564,-935.61
12567,-935.68
12570,-935.69
12573,-935.68
12576,-935.69
12579,-935.76
12582,-935.79
12585,-935.77
12588,-935.81
12591,-935.81
12594,-935.85
12597,-935.88
12600,-935.91
12603,-935.9
12606,-935.95
12609,-935.96
12612,-935.98
12615,-935.97
12618,-935.93
12621,-935.99
12624,-936.04
12627,-936.04
12630,-936.05
12633,-936.07
12636,-936.1
12639,-936.12
12642,-936.11
12645,-936.14
12648,-936.2
12651,-936.18
12654,-936.17
12657,-936.2
12660,-936.2
12663,-936.27
12666,-936.28
12669,-936.28
12672,-936.27
12675,-936.33
12678,-936.32
12681,-936.38
12684,-936.32
12687,-936.43
12690,-936.43
12693,-936.43
12696,-936.45
12699,-936.47
12702,-936.48
12705,-936.51
12708,-936.51
12711,-936.55
12714,-936.53
12717,-936.57
12720,-936.6
12723,-936.59
12726,-936.59
12729,-936.67
12732,-936.69
12735,-936.69
12738,-936.67
12741,-936.68
12744,-936.69
12747,-936.72
12750,-936.77
12753,-936.8
12756,-936.84
12759,-936.83
12762,-936.87
12765,-936.86
12768,-936.89
12771,-936.89
12774,-936.95
12777,-936.99
12780,-936.99
12783,-937
12786,-937.01
12789,-937.06
12792,-937.04
12795,-937.07
12798,-937.12
12801,-937.09
12804,-937.16
12807,-937.17
12810,-937.19
12813,-937.22
12816,-937.25
12819,-937.25
12822,-937.29
12825,-937.28
12828,-937.26
12831,-937.34
12834,-937.36
12837,-937.37
12840,-937.41
12843,-937.44
12846,-937.46
12849,-937.47
12852,-937.51
12855,-937.47
12858,-937.55
12861,-937.61
